{
  "$schema": "https://vega.github.io/schema/vega-lite/v5.json",
  "width": "container", "height": 375,
  "config": {"view": {"stroke": "transparent"}},
  "background": "transparent",
  "data": {"url": "https://raw.githubusercontent.com/ebly0002/FIT3179/main/data/globalterrorismdb_0718dist%20-%20Modified%20-%202017.csv"},
  "title": "Terrorist Attacks Types in 2017",
  "params": [
    {
      "name": "Attack_type_selection",
      "bind": {
        "input": "select",
        "options": [
          null,
          "Armed Assault",
          "Assassination",
          "Bombing/Explosion",
          "Facility/Infrastructure Attack",
          "Hijacking",
          "Hostage Taking (Barricade Incident)",
          "Hostage Taking (Kidnapping)",
          "Unarmed Assault",
          "Unknown"
        ],
        "labels": [
          "Show All",
          "Armed Assault",
          "Assassination",
          "Bombing/Explosion",
          "Facility/Infrastructure Attack",
          "Hijacking",
          "Hostage Taking (Barricade Incident)",
          "Hostage Taking (Kidnapping)",
          "Unarmed Assault",
          "Unknown"
        ],
        "name": "Select Attack Type: "
      }
    }
  ],

  "transform": [
    {"filter": "Attack_type_selection == null || datum.attacktype1_txt == Attack_type_selection"}
  ],

  "mark": "area",
  "encoding": {
    "x": {"field": "imonth", "type": "quantitative", "title": "Month", "axis": {
      "gridColor": "#4a4a4a" 
    }},
    "y": {"aggregate": "count", "field": "iday", "title": "Number of attacks", "axis": {
      "gridColor": "#4a4a4a" 
    }},
    "color": {
      "field": "attacktype1_txt",
      "scale": {
        "domain": [
          "Armed Assault",
          "Assassination",
          "Bombing/Explosion",
          "Facility/Infrastructure Attack",
          "Hijacking",
          "Hostage Taking (Barricade Incident)",
          "Hostage Taking (Kidnapping)",
          "Unarmed Assault",
          "Unknown"
        ],
        "range": ["#8dd3c7","#ffffb3","#cab2d6","#fb8072","#80b1d3","#fdb462","#33a02c","#f781bf","#949494"]
      },
      "title": "Attack type"
    },
    "tooltip": [
      {"field": "imonth", "type": "quantitative", "title": "Month"},
      {"field": "attacktype1_txt", "type": "nominal", "title": "Attack type"},
      {"field": "iday", "aggregate": "count", "type": "quantitative", "title": "Number of attacks"}
    ]
  }
}
