{
  "$schema": "https://vega.github.io/schema/vega-lite/v5.json",
  "width": "container", "height": 400,
  "config": {"view": {"stroke": "transparent"}},
  "background": "transparent",
  "data": {"url": "https://raw.githubusercontent.com/ebly0002/FIT3179/main/data/globalterrorismdb_0718dist%20-%20Modified%20-%202017.csv"},
  "title": "Suicide Rates of Terrorist Attacks in 2017",
  "params": [
    {
      "name": "Attack_type_selection",
      "bind": {
        "input": "select",
        "options": [
          null,
          "Armed Assault",
          "Assassination",
          "Bombing/Explosion",
          "Facility/Infrastructure Attack",
          "Hijacking",
          "Hostage Taking (Barricade Incident)",
          "Hostage Taking (Kidnapping)",
          "Unarmed Assault",
          "Unknown"
        ],
        "labels": [
          "Show All",
          "Armed Assault",
          "Assassination",
          "Bombing/Explosion",
          "Facility/Infrastructure Attack",
          "Hijacking",
          "Hostage Taking (Barricade Incident)",
          "Hostage Taking (Kidnapping)",
          "Unarmed Assault",
          "Unknown"
        ],
        "name": "Select Attack Type: "
      }
    }
  ],

  "transform": [
    {"filter": "Attack_type_selection == null || datum.attacktype1_txt == Attack_type_selection"},

    {"window": [{
      "op": "count",
      "field": "iday",
      "as": "num_attacks"
    }],
      "frame": [null, null]
    },

    {"joinaggregate": [{
      "op": "sum",
      "field": "suicide",
      "as": "suicide_yes_count"
    }]},

    {"calculate": "datum.suicide_yes_count/datum.num_attacks * 100", "as": "suicide_percent"},


    {
      "calculate": "datum['suicide_percent'] + '%; of the attacks of the; selected type have resulted; in suicides ' ",
      "as": "suicide_percent_label_raw"},
      {
        "calculate": "split(datum.suicide_percent_label_raw, ';')",
        "as": "suicide_percent_label"
      }
  ],

  "encoding": {
    "theta": {"field": "suicide_txt", "aggregate": "count"},
    "color": {
      "field": "suicide_txt",
      "scale": {
        "domain": ["No", "Yes"],
        "range": ["#377eb8", "#e41a1c"]
      },
      "title": "Suicide?",
      "sort": "descending"
    },
    "tooltip": [
      {"field": "suicide_txt", "type": "nominal", "title": "Suicide?"},
      {"field": "iday", "aggregate": "count", "type": "quantitative", "title": "Amount of attacks"}
    ]
  },
  "layer": [
    {"mark": "arc"},
    {"mark": {
      "type": "text",
      "align":"left",
      "baseline": "middle",
      "dx": -400,
      "dy": -180,
      "fontSize": 17
    },
    "encoding": {
      "text": {"field": "suicide_percent_label"},
      "color": {"value": "#e41a1c"}
    }
  }
]
}
